Actual,Predicted,Absolute_Error,Percentage_Error
3.613859228590107,3.615120257544035,0.0012610289539281005,0.03489424668099405
3.7215436664946386,3.7208342069511513,0.0007094595434873341,0.019063582401965515
1.2056847545219636,1.2060326610656704,0.00034790654370686624,0.028855514876673226
4.353834753612449,4.350792078509526,0.003042675102922665,0.06988494683676516
2.417200046549517,2.4162745861938184,0.0009254603556985153,0.03828646110691513
2.5333333333333337,2.5324565364286338,0.0008767969046998836,0.034610404132890134
2.830188679245283,2.8309461739673116,0.0007574947220287953,0.026764813511684107
2.3014865283369463,2.3018032134449284,0.0003166851079821065,0.013760024405224005
2.2839698046181174,2.2820397371411074,0.0019300674770099668,0.08450494718044999
2.22,2.2068059815006835,0.013194018499316673,0.5943251576268771
2.0287780187997106,2.0277080539657266,0.0010699648339840273,0.05273937434599436
0.0,0.0,0.0,
0.0,0.0,0.0,
2.1429286429286427,2.1414539445332395,0.0014746983954032622,0.0688169622572154
3.7113166372233186,3.7135165833118418,0.0021999460885231414,0.05927670160121575
0.0,0.0,0.0,
0.9224908910235178,0.9142953722858097,0.008195518737708074,0.8884118875813527
2.4591382742067673,2.459936558569451,0.0007982843626836988,0.03246195511072665
2.3487147723753488,2.3517542331275822,0.0030394607522334915,0.1294095301814602
1.7042048909095802,1.704703013182025,0.0004981222724449452,0.02922901319565419
1.6667106826884985,1.665254651444298,0.001456031244200462,0.08735956751964902
1.4239612747075434,1.4267670594980384,0.0028057847904949806,0.19704080724184297
1.4835820895522387,1.488636899566228,0.00505481001398933,0.3407165703594418
2.670555488737307,2.67159678996819,0.001041301230883196,0.03899193389819975
1.5189873417721518,1.5138717712368737,0.005115570535278113,0.3367750602391425
2.947781114447781,2.9511397433841817,0.0033586289364007094,0.11393752812714841
1.991120976692564,1.9899194853419624,0.0012014913506015468,0.06034245857814902
3.68396694214876,3.6849265238419555,0.0009595816931953216,0.02604751096478686
3.0177809388335706,3.021473989408601,0.0036930505750305542,0.122376363622271
2.6731234866828086,2.6727604750176055,0.000363011665203139,0.013580055953704383
4.036036036036036,4.035935960881327,0.00010007515470888961,0.002479540663546149
2.1186206896551725,2.1186793512153614,5.866156018896618e-05,0.002768856193815135
1.389484430832057,1.4231775605576744,0.03369312972561733,2.4248655816489477
2.0166168782673637,2.0156746329948656,0.0009422452724980879,0.04672405961947745
2.4103343465045595,2.412466260598298,0.002131914093738363,0.08844889493567734
1.0481848184818483,1.056897036928319,0.008712218446470743,0.8311719739548598
3.5897435897435894,3.5953633220766155,0.00561973233302604,0.15654968642001113
4.6793869574161695,4.6933106465843375,0.013923689168167996,0.2975537029717303
2.8939771329112025,2.8967214717445176,0.002744338833315041,0.09482931990393328
0.0,0.0025,0.0025,inf
3.924827344769422,3.9239485653498853,0.0008787794195366239,0.0223902694906507
0.7575757575757576,0.7520697609900812,0.005505996585676409,0.726791549309286
2.324773692961389,2.3249573325482316,0.0001836395868424212,0.007899245737269755
0.8333333333333334,0.8259034019480462,0.007429931385287136,0.8915917662344564
1.6992093023255814,1.697569235305648,0.0016400670199334666,0.09651942333936313
1.9508489722966935,1.9552233362343272,0.004374363937633685,0.22422873322089296
1.5937309656561869,1.59198918653957,0.0017417791166169927,0.1092894066910377
1.2048192771084336,1.2052231981807071,0.0004039210722734943,0.03352544899870003
3.978289027323753,3.9814938225877334,0.003204795263980653,0.08055712498436951
0.0,0.0,0.0,
2.4865003857032657,2.484634410900599,0.0018659748026665923,0.07504421931303389
2.7466390899689763,2.7462874945739775,0.0003515953949988493,0.012800931738098164
2.544254930862638,2.5440215847174388,0.00023334614519932018,0.009171492304829823
3.3422019904998868,3.3368524868552703,0.0053495036446165045,0.16005925613778926
0.0,0.0,0.0,
2.577416073245168,2.575387356058397,0.0020287171867710008,0.0787112801782402
3.2166761450632135,3.219285231463405,0.0026090864001915293,0.08111125529984792
2.681008146639511,2.6815595418439298,0.0005513952044187143,0.02056671126157734
2.0733333333333333,2.0735578501803578,0.00022451684702451402,0.010828786833979776
2.313725490196078,2.2393241724303823,0.07440131776569592,3.2156501746190616
0.3478260869565218,0.34994824819676607,0.00212216124024428,0.6101213565702305
4.1455253196200275,4.132092551966488,0.013432767653539734,0.32403052973684315
0.67,0.666596666965956,0.0034033330340440537,0.5079601543349334
0.0,0.0,0.0,
2.8662207357859533,2.8816177806510797,0.015397044865126386,0.5371897800084935
2.266827309236948,2.266623575625907,0.00020373361104120136,0.008987610578495345
0.0,0.0,0.0,
0.33707865168539325,0.3209341542947625,0.01614449739063073,4.789534225887117
3.1842311459353576,3.1898048353281467,0.005573689392789127,0.17504035157447323
0.0,0.0,0.0,
1.7259596979083285,1.726067768105931,0.0001080701976026166,0.00626145545191963
2.303886925795053,2.2875277039407824,0.016359221854270523,0.7100705191347482
3.2045454545454546,3.2048627795826623,0.0003173250372077163,0.009902341586623772
2.809760242147466,2.8076370504476125,0.0021231916998534217,0.07556487090979307
1.9546422425108656,1.9561639614634547,0.001521718952589124,0.07785153310891187
2.4050632911392404,2.4040317470033377,0.0010315441359027844,0.042890519334905244
0.0,0.0,0.0,
2.527064993444465,2.5257784816055207,0.0012865118389444596,0.050909329292354505
0.09,0.16136065096251262,0.07136065096251262,79.28961218056958
0.0,0.0,0.0,
1.846153846153846,1.848434180850249,0.002280334696402875,0.12351812938848905
0.0,0.0,0.0,
3.5188129305776363,3.5175693963373504,0.0012435342402858929,0.035339595051498196
1.9886084374360027,1.986636265519065,0.0019721719169376595,0.09917346621944663
0.67,0.6668201451140962,0.0031798548859038878,0.4746052068513265
4.798710601719198,4.786358119124071,0.012352482595126446,0.25741253474841796
4.0036424983704615,4.007324923794559,0.0036824254240972465,0.09197687919428484
3.2910788793959864,3.291687876600127,0.0006089972041407599,0.01850448519947141
2.99535153980244,2.9935053783017924,0.0018461615006475363,0.06163421809145316
2.2828906732550958,2.280890101986252,0.002000571268843565,0.0876332490329473
2.22116747827159,2.2214887342170058,0.000321255945415988,0.014463382367995709
1.3475099963649582,1.3523578262576206,0.004847829892662414,0.35976207269258975
1.5672722009119204,1.5647532725254243,0.0025189283864961443,0.1607205426747505
1.801221718270718,1.7995650083276504,0.001656709943067547,0.09197701350492758
2.8146214099216706,2.8144837417649855,0.00013766815668514454,0.004891178479629904
2.5288065843621395,2.528498909946064,0.00030767441607526536,0.012166783255702116
0.0,0.0,0.0,
2.631669535283993,2.625651881087653,0.00601765419634015,0.22866298810161065
1.1539424280350439,1.1537871368121153,0.00015529122292856634,0.013457449796087255
2.690350456072972,2.69146589307289,0.001115436999918007,0.04146065793770892
2.535055915845376,2.5386376929604304,0.003581777115054585,0.1412898663365441
2.6709485032687237,2.6712859911686606,0.00033748789993692796,0.012635507555608359
0.0,0.0,0.0,
1.2123411978221414,1.206903721154599,0.005437476667542462,0.4485104257209427
2.166463347011201,2.1652982478941656,0.0011650991170353286,0.053778852000550596
1.8225638353309015,1.8171063023918526,0.005457532939048937,0.2994426221596829
0.0,1.9001631356955293,1.9001631356955293,inf
3.6717213971972384,3.6721566683310662,0.00043527113382779703,0.0118546884891663
1.189837997054492,1.1925472399291064,0.0027092428746144925,0.22769846662498336
2.6807099867387536,2.6804896614624236,0.0002203252763299801,0.008218915041907207
2.1316343550900987,2.1299196785997223,0.0017146764903763767,0.08043952220426198
2.5993124522536286,2.605076212843211,0.00576376058958239,0.22174173730384567
3.0751430057202285,3.0704637890291298,0.00467921669109872,0.1521625720298104
2.0278164116828927,2.026660717154491,0.0011556945284016962,0.0569920689931975
2.5052930775945033,2.504645456144161,0.0006476214503421396,0.025850127321788777
3.3145141350037086,3.311811056105697,0.0027030788980115794,0.08155279440401467
2.896551724137931,2.894702575184037,0.0018491489538940975,0.06383966626539146
2.3179190751445087,2.3183106487531364,0.0003915736086277377,0.016893325259999658
0.0,0.0,0.0,
0.0,0.0,0.0,
1.710997442455243,1.7167837845002552,0.0057863420450121605,0.3381853123467496
2.6284236891007513,2.6271514848335937,0.0012722042671575728,0.04840179581522587
3.0738521563436216,3.0684440278732983,0.005408128470323348,0.17593977183197945
2.548555939807459,2.5482969040326964,0.00025903577476249495,0.010164021543198494
1.9421894218942186,1.9275540531484152,0.014635368745803401,0.753550018387471
1.6890937019969279,1.6912107067168258,0.0021170047198979525,0.12533376433735605
1.8822281917149724,1.8810655345590805,0.0011626571558918108,0.06177025511622308
2.598985507246377,2.6064468759607076,0.007461368714330785,0.2870877384089802
4.151016456921588,4.132167383577078,0.01884907334451036,0.45408332007647384
1.5518207282913166,1.5497212642909295,0.0020994640003870746,0.1352903697000335
2.38013698630137,2.380026304875327,0.00011068142604298004,0.004650212432309377
2.3925501432664755,2.3931318795398124,0.000581736273336908,0.02431448615503963
1.656142081894425,1.6583576997504716,0.0022156178560466255,0.13378187054532353
1.6907437132156233,1.7014213458224439,0.01067763260682053,0.631534662726189
2.9087972074714985,2.9125019425900547,0.0037047351185561794,0.1273631282730967
1.4814814814814814,1.4894726574886676,0.00799117600718624,0.5394043804850712
3.905462608345091,3.8911755550850717,0.014287053260019444,0.365822303086227
0.0,0.0,0.0,
2.1533898305084747,2.1533548206774906,3.5009830984034096e-05,0.0016258008878850937
4.101123595505618,4.1041926443918415,0.0030690488862239462,0.07483434270518663
0.75,0.7541659343994824,0.004165934399482429,0.5554579199309906
3.3762232693004712,3.3679861355787972,0.008237133721674006,0.24397479267953387
2.106666666666667,2.1052261300199913,0.0014405366466756497,0.06837990411435045
2.610312345066931,2.61051314595832,0.00020080089138918567,0.0076926001506550335
0.7272727272727273,0.718410986774963,0.008861740497764337,1.2184893184425962
2.3058470764617693,2.3065523907736445,0.0007053143118751493,0.030588078414871555
2.5707547169811322,2.570990011868718,0.00023529488758589068,0.009152755260221803
2.7239536147852874,2.7255425331223178,0.0015889183370303428,0.05833132871301068
1.776271186440678,1.7670284432776178,0.009242743163060174,0.5203452734928915
4.4284329563812594,4.43574886546766,0.007315909086400119,0.1652031126689652
2.7272235200273487,2.7285818022109596,0.0013582821836108927,0.04980457867264477
0.0,0.0,0.0,
1.2368839427662957,1.2366217537805992,0.0002621889856964099,0.021197541388565787
1.976141243836488,1.9760777495876527,6.34942488353385e-05,0.003213042034994954
3.608449717174751,3.607818705888626,0.0006310112861247497,0.017487046670524267
1.8485162557276893,1.8487285337197985,0.00021227799210921106,0.011483696259173302
1.9,1.9024297476895182,0.0024297476895183134,0.12788145734306913
1.9240350689618306,1.9224218156037518,0.0016132533580788255,0.08384739883921677
2.024245857527262,2.02433856985434,9.271232707774857e-05,0.004580092222147474
0.0,0.0,0.0,
1.411483253588517,1.4096691223073519,0.0018141312811650323,0.12852658907237008
0.9878542510121456,0.9833311867677136,0.004523064244432051,0.4578675690060314
2.111767133288893,2.1118193600555992,5.2226766706020555e-05,0.002473130956663859
2.2707464775874135,2.2745771439623783,0.003830666374964764,0.16869634777699663
0.0,0.0,0.0,
2.432112166440525,2.4308135466497434,0.0012986197907816077,0.0533947327224706
2.7819354838709676,2.7860143470817964,0.0040788632108288425,0.14661961912766017
2.6218928164196122,2.6236306677397407,0.0017378513201284917,0.06628231746336816
0.0,0.0,0.0,
2.833890069845126,2.8404727527914897,0.0065826829463637715,0.23228434357453814
1.374493927125506,1.373006268952127,0.0014876581733791472,0.10823315723848287
0.0,0.0,0.0,
2.8016759776536313,2.80003601093789,0.0016399667157411812,0.05853520281508902
0.0,0.0,0.0,
2.598640795823894,2.6070837631168393,0.008442967292945358,0.3248993591770552
2.1610878661087867,2.15943812434836,0.0016497417604268705,0.07633848610687745
1.7315913261481999,1.73261390295491,0.0010225768067100294,0.05905416545280795
2.0,2.0002776538480793,0.0002776538480793178,0.01388269240396589
2.8502538071065993,2.8522344574124476,0.001980650305848375,0.06949031349102935
2.0469522468031043,2.0465476306045343,0.00040461619857001807,0.019766762961956775
3.8094034834401227,3.8091926877620965,0.0002107956780261766,0.00553356132902507
2.21343537414966,2.2154060324437395,0.001970658294079275,0.08903166169178743
1.8490566037735847,1.8477666118559875,0.0012899919175972663,0.06976486901291339
0.0,0.0025,0.0025,inf
2.6122448979591835,2.614215105713967,0.001970207754783626,0.0754220156128107
2.2911877394636018,2.283503788497193,0.007683950966408837,0.33536976625964987
4.335416666666666,4.339866027063064,0.004449360396397317,0.10262820712497417
1.1721037760082198,1.1741485580740088,0.0020447820657889526,0.17445401231900926
0.9776666666666666,0.9747095574470893,0.0029571092195772586,0.3024659958653862
2.0969575744815243,2.0968637409809694,9.383350055491846e-05,0.0044747448253987165
3.5394153152498,3.5402137990234803,0.000798483773680303,0.022559764892240364
2.6169095444400683,2.614182741937079,0.0027268025029894005,0.10419934111910031
2.6991341991341993,2.7001768122922076,0.0010426131580083542,0.038627688773044074
2.904761904761905,2.905285076224609,0.0005231714627038642,0.018010820847182207
1.7093723129836627,1.7092570179223745,0.00011529506128815648,0.006744877076364487
0.165,0.17352658308004046,0.00852658308004045,5.1676261091154245
2.2419274714356683,2.242308272225961,0.0003808007902925681,0.016985419695522704
1.267175572519084,1.2659475227434347,0.0012280497756493869,0.09691236181329498
0.0,0.0,0.0,
2.1026262884130578,2.1039060653927932,0.0012797769797354697,0.060865641544954344
0.0,0.013733333333333335,0.013733333333333335,inf
3.882312377887599,3.880858212213058,0.0014541656745410414,0.03745617387265128
1.9067226192454712,1.9075090513286879,0.0007864320832167149,0.04124522755847529
0.0,0.0,0.0,
2.17529665587918,2.1746085460125255,0.0006881098666546848,0.03163292072347596
2.0542986425339365,2.0546542306036053,0.00035558806966884404,0.017309463303263113
0.0,0.0,0.0,
0.0,0.0,0.0,
2.1354432634641647,2.1385202183478538,0.003076954883689087,0.1440897511225646
1.1748837209302325,1.1764562259333005,0.0015725050030679366,0.13384345829754804
2.526293287729799,2.5259728135879236,0.00032047414187541534,0.012685547771985049
1.740840548133708,1.7468386979392334,0.005998149805525488,0.344554807845893
4.564453201970443,4.556239015718976,0.008214186251467304,0.17995991826406055
1.869395394255025,1.868634647147085,0.0007607471079400518,0.04069482091792668
3.0450795521508547,3.0471546875640616,0.002075135413206919,0.06814716586767568
2.045857792293772,2.04624054085074,0.000382748556967627,0.018708463433252488
3.0570232659273753,3.061599077514641,0.004575811587265832,0.14968193530832416
1.800443740095087,1.80077852315198,0.00033478305689293997,0.01859447476405228
2.5206812652068122,2.5213536764064655,0.0006724111996532223,0.026675772495895214
2.682748538011696,2.682820690568897,7.215255720094405e-05,0.0026895013147381864
2.8632460732984293,2.866741930285488,0.0034958569870586764,0.12209418602402852
0.0,0.0,0.0,
2.431077694235589,2.42967574042498,0.0014019538106091467,0.05766799695186077
1.3147058823529412,1.3149605211521815,0.0002546387992403698,0.019368499271079583
2.4277365152806527,2.429194214735593,0.0014576994549404532,0.060043560978112955
2.721518987341772,2.723184163877686,0.0016651765359139148,0.061185556435906646
2.2388594255802743,2.2382640769075794,0.0005953486726948398,0.02659160579233489
1.066,1.0715473059231473,0.005547305923147228,0.5203851710269444
1.0,1.0002864011525021,0.00028640115250211373,0.028640115250211373
2.2410016791998246,2.2415522434599002,0.0005505642600756033,0.024567775436571227
1.4314516129032258,1.4315714808501432,0.00011986794691742908,0.008373873474795046
1.8191619202603746,1.8180653670540616,0.0010965532063129668,0.06027793315704511
1.515686274509804,1.5139712177890092,0.0017150567207948608,0.11315380693471913
2.533942609301785,2.532318357654546,0.0016242516472391166,0.06409978036900649
3.009995174743228,3.0060819190987154,0.003913255644512503,0.1300087015869163
2.0350752177355504,2.036936536870117,0.0018613191345666635,0.09146193311900151
3.764185286103542,3.756308331605935,0.00787695449760717,0.20926054109735173
2.3478384527872582,2.3503805956260075,0.0025421428387493172,0.10827588396175167
4.327598696124592,4.306152046800911,0.021446649323681122,0.49557851431295635
1.8595105195362815,1.8594405910424054,6.992849387610356e-05,0.0037605860865762724
1.704609375,1.7062903805368068,0.0016810055368068344,0.0986152934191644
1.1660970608339027,1.1705374700745226,0.004440409240619836,0.3807924219828148
2.479438954415046,2.478029326600159,0.00140962781488696,0.05685269291977879
2.0195217179111764,2.01886011455014,0.000661603361036267,0.032760398423472954
1.5797101449275361,1.5897409051708775,0.010030760243341375,0.634974731000509
3.2459016393442623,3.245408575106239,0.0004930642380234218,0.015190362888600368
0.0,0.0,0.0,
3.560222672064777,3.562305634389694,0.0020829623249167817,0.058506518181031426
0.0,0.0,0.0,
2.3667339161622953,2.3520202352847983,0.014713680877497026,0.621687160395096
3.0186954335603597,3.025087176842136,0.006391743281776385,0.21173859445097215
2.875,2.9074180412320647,0.03241804123206471,1.1275840428544248
1.0,0.9999526183113181,4.738168868190229e-05,0.004738168868190229
2.6672613737734165,2.666965887968348,0.0002954858050685516,0.01107824707297145
0.7877401646843549,0.799869127013384,0.012128962329029047,1.5397161237664052
0.0,1.0514113702437817,1.0514113702437817,inf
0.9476859504132231,0.9469224748845754,0.0007634755286477501,0.08056208159621328
2.4034723252708114,2.4033378711795876,0.00013445409122381236,0.005594160157790156
2.1926710757187204,2.1925261468854624,0.00014492883325800676,0.0066096933034290855
1.6450841179194318,1.643836847971679,0.001247269947752816,0.0758180043297884
1.4840540869777075,1.4877954626800942,0.003741375702386751,0.2521050772486402
1.420327868852459,1.4848637270446594,0.06453585819220042,4.543729628028885
2.3391782705862125,2.339414873600538,0.0002366030143252651,0.010114791903653025
0.2912621359223301,0.29243011189646645,0.0011679759741363704,0.4010050844534872
2.1999999999999997,2.1970007717452713,0.0029992282547284255,0.13632855703311025
1.5917798676419366,1.5873659565149711,0.004413911126965431,0.2772940666415263
2.592141671278362,2.5925367711035476,0.0003950998251855964,0.015242215715422131
2.5321011673151754,2.527511434168938,0.004589733146237229,0.1812618391983047
0.0,0.0,0.0,
2.4341860797484633,2.4345143187562712,0.0003282390078078734,0.01348454871789391
1.8319145156662067,1.8374527635342404,0.005538247868033697,0.3023202131252079
2.87886356540743,2.880396830161588,0.001533264754157937,0.05325937542097249
2.6105960264900663,2.610708818787624,0.00011279229755789544,0.004320557313861545
0.0,0.014033333333333333,0.014033333333333333,inf
1.9135195723400586,1.914992016438644,0.0014724440985853793,0.07694951856618407
2.0429182311222363,2.0423655623627535,0.0005526687594827884,0.027052906526718438
2.545012165450122,2.5439231655328705,0.0010889999172514209,0.04278957609850229
2.2597327804653307,2.2603405515026482,0.0006077710373175726,0.02689570388904208
4.657150625339859,4.646148299297968,0.011002326041890775,0.23624587064086794
2.4522613065326637,2.4538009313777547,0.0015396248450909589,0.06278388200268459
0.0,0.0,0.0,
2.373280054284314,2.372248952709884,0.0010311015744304264,0.04344626638432544
2.3777648428405125,2.3769052985604833,0.0008595442800292119,0.036149255155206506
1.2840973401245048,1.2851383714178226,0.0010410312933177845,0.08107105752721575
3.4182699297310397,3.420150253452461,0.0018803237214211066,0.05500805261359381
2.3656223052601324,2.351890996282629,0.01373130897750352,0.5804522956589884
2.7321428571428577,2.7307086301441337,0.0014342269987239753,0.05249458295983176
1.7696363636363637,1.7624029061418756,0.007233457494488116,0.4087538910889205
0.0,0.0,0.0,
2.3639476961394768,2.3512738008465446,0.012673895292932169,0.5361326442894525
4.343630144086244,4.3458873061591365,0.0022571620728921715,0.0519648772574536
0.3285714285714286,0.2970061822513433,0.03156524632008534,9.606814097417276
2.442974331833818,2.4415038066608385,0.001470525172979631,0.060194049270905825
1.8699844415329185,1.8694359469173678,0.000548494615550732,0.029331506902865134
2.605019662271571,2.6096162793607323,0.00459661708916137,0.17645229921808464
0.8516129032258065,0.8495372132829302,0.0020756899428763242,0.24373631904987136
1.8180722891566263,1.8167214149951085,0.001350874161517801,0.07430255494100563
0.0,0.0,0.0,
0.0,0.0025,0.0025,inf
0.9250000000000002,0.9212274094326304,0.0037725905673697824,0.4078476289048413
2.0466658685502215,2.046126093394517,0.0005397751557043584,0.026373389227754805
2.878212805158913,2.87866342964277,0.00045062448385735365,0.015656399104668484
2.366841710427607,2.354542585499755,0.012299124927852123,0.5196429010721674
3.0859342138470596,3.091557736029799,0.005623522182739649,0.18223078630471262
2.658101025093928,2.6584782192921987,0.00037719419827064726,0.014190363523046253
1.9715566916511416,1.9730402733071073,0.0014835816559657378,0.07524925163188009
2.5207253886010363,2.5226786183597327,0.0019532297586963843,0.0774868126265986
1.7419354838709677,1.7454233077109516,0.0034878238399838057,0.2002269241472185
0.0,0.0,0.0,
2.722689075630252,2.7247810709246916,0.002091995294439375,0.07683562964144618
3.2259793814432993,3.2261695120720577,0.00019013062875838926,0.005893733538784276
2.2697771105208453,2.2723005419312274,0.0025234314103821376,0.1111752955250785
0.0,0.0,0.0,
2.5893751772379243,2.588624429334418,0.0007507479035062659,0.028993400033558887
2.338179994986212,2.339936434712488,0.0017564397262761489,0.07511995355543645
2.5324926362297497,2.529027291975991,0.003465344253758662,0.1368353141163599
2.347445993786576,2.3525576046538275,0.005111610867251315,0.21775201136814948
0.0,0.0,0.0,
0.1904761904761905,0.19250429331306995,0.0020281028368794585,1.0647539893617155
0.0,0.0,0.0,
2.5948382159105403,2.594195437482787,0.0006427784277533988,0.024771425972229446
3.4212084098795668,3.4240117672038974,0.0028033573243306797,0.08194055983947975
2.7969980133912147,2.7941132085500566,0.0028848048411580507,0.10313932392323635
0.0,0.0,0.0,
1.1022727272727273,1.0982544956734115,0.004018231599315802,0.36454059870081507
2.8585638039786514,2.856882614720127,0.0016811892585244514,0.05881237480809461
2.344729914359026,2.345640661307663,0.0009107469486369091,0.038842296635511565
4.731606827545615,4.71329573443725,0.018311093108365206,0.38699523810315317
4.109069258496395,4.108181750902839,0.0008875075935561583,0.021598749929099957
1.8470588235294119,1.8522105407688736,0.005151717239461728,0.27891462761417
1.0080357142857144,1.0096018357043084,0.0015661214185940242,0.15536368368691825
3.3250812763395543,3.3279377006324364,0.0028564242928821315,0.0859053976577274
0.0,0.0,0.0,
1.3028169014084507,1.3050022857014931,0.0021853842930423806,0.16774301060109084
3.1259764550555618,3.1231144363756265,0.0028620186799352965,0.09155598965905923
0.0,0.0,0.0,
3.2826370757180157,3.2826535110196273,1.64353016116614e-05,0.0005006737337256963
2.2535885167464116,2.2514348357224647,0.002153681023946863,0.09556673758065697
2.4437989391260415,2.4432080103585783,0.0005909287674632502,0.02418074408668742
2.3754880270692347,2.374208152240754,0.001279874828480576,0.05387839525588455
1.9762308998302205,1.9771098329085428,0.0008789330783223193,0.04447522191854348
2.057079862812347,2.0579057726597956,0.0008259098474487914,0.040149624833702116
2.369889064976228,2.369596448938482,0.00029261603774610734,0.012347246209562242
3.4558823529411766,3.458183670915987,0.0023013179748105905,0.06659132863281708
1.163813559322034,1.165328638754351,0.0015150794323171013,0.13018231487178178
3.99179366940211,3.985782248427508,0.006011420974602277,0.15059448139018333
2.5350251877197985,2.5386157281508988,0.0035905404311002975,0.1416372684773958
2.5332437877770313,2.5332214011336003,2.238664343101604e-05,0.0008837145299253151
0.0,0.0,0.0,
1.5840707964601772,1.600599205678078,0.016528409217900775,1.0434135428060263
3.264522912468238,3.2648500257150026,0.0003271132467648208,0.010020246619053357
2.706896551724138,2.7057948129435863,0.001101738780551642,0.040701177880251745
2.585440684269245,2.5854130104704462,2.76737987987552e-05,0.0010703706709317522
0.0,0.0,0.0,
1.8853721129170231,1.8872654653154186,0.001893352398395498,0.10042327376244724
2.508955875928353,2.5101841155634053,0.001228239635052475,0.04895421425448573
4.8492486284487555,4.865236924894545,0.015988296445789807,0.3297066756278975
2.0753424657534247,2.0751976225927518,0.00014484316067298053,0.006979241405364738
2.387348746382118,2.386488308855914,0.0008604375262040165,0.03604155142846043
1.2285714285714284,1.2304536471198007,0.0018822185483722276,0.1532038353326232
1.957509881422925,1.9585010890843746,0.0009912076614495557,0.050636151104843534
0.0,0.0,0.0,
2.724430157802455,2.7245973056957276,0.00016714789327254564,0.006135150603653879
1.2975888324873097,1.296744982290872,0.0008438501964376233,0.06503217161788236
2.0311368573497464,2.027164034764255,0.003972822585491365,0.19559600679371036
2.3046434590573606,2.3047412405644305,9.778150706996058e-05,0.004242804095604225
1.908524545516443,1.9072675566906738,0.0012569888257691897,0.06586181082774867
2.7620385458223295,2.764003667009267,0.0019651211869375906,0.07114749321329705
1.025810721376572,1.0234722649475827,0.002338456428989222,0.22796178478727186
2.254532269760696,2.2543328674380065,0.00019940232268966795,0.00884450958472345
0.0,0.0,0.0,
2.7571153846153846,2.7561015177847015,0.0010138668306831633,0.036772738505631924
2.2047604516325907,2.205817916164357,0.00105746453176625,0.04796278575222147
0.867,0.8726223771759752,0.005622377175975246,0.6484864101470872
2.944654793624083,2.9435277889593663,0.001127004664716491,0.03827289593186744
1.9650565984672714,1.9665496862806342,0.00149308781336277,0.0759819241098382
2.3608884817952824,2.3497106461183472,0.0111778356769352,0.47345885937125143
1.9210757823300242,1.9196580218510844,0.0014177604789398224,0.07380034103705459
2.079016927430982,2.0820750696885044,0.0030581422575224337,0.14709559201623942
3.7492592069987296,3.7520335483334755,0.0027743413347458556,0.07399705332634783
2.311111111111111,2.3131206413119396,0.002009530200828724,0.08695082599739672
0.6730979250091008,0.670374314083739,0.0027236109253617746,0.4046381401821955
2.0716265188659135,2.072271122454393,0.0006446035884795087,0.03111582047290981
1.7735849056603774,1.772401063151384,0.0011838425089933935,0.06674856699643601
3.6445396145610274,3.6382882095723397,0.006251404988687703,0.17152797471898693
1.379107405590976,1.40003602684966,0.02092862125868411,1.517548319575281
1.0056988716234185,1.0104666852017756,0.004767813578357094,0.47407963883471377
3.49114479812513,3.4965989717726074,0.005454173647477578,0.15622880066179626
2.3530567520592456,2.348927375645118,0.0041293764141276945,0.17548987760341636
2.553017672557519,2.5531554249295056,0.00013775237198654366,0.005395668563803886
2.0,2.000031982942431,3.1982942430897054e-05,0.0015991471215448527
1.799037690457097,1.7983310073810612,0.00070668307603583,0.03928117124974058
2.5390922401171303,2.543004912160234,0.003912672043103527,0.15409727859760747
3.569982675298623,3.5736153867022256,0.003632711403602773,0.10175711576244284
0.0,0.0,0.0,
3.1774698795180725,3.180677208082111,0.003207328564038381,0.10093970000196624
1.6953525419033109,1.697551457106112,0.0021989152028012438,0.12970253374750018
2.2966723549488055,2.2941786272198597,0.0024937277289458493,0.10858003857504683
0.0,0.0,0.0,
1.98380448659493,1.9833313895090123,0.0004730970859176953,0.023847969349526744
1.5237142857142856,1.5185346765344891,0.005179609179796429,0.3399330982427809
2.594142259414226,2.590720854937642,0.003421404476583678,0.13188962417798372
1.8798586572438163,1.8784295862239921,0.0014290710198241463,0.07602013131771304
1.7939381400641357,1.7950149507019242,0.0010768106377885278,0.06002495926364721
1.7916666666666667,1.789089758220209,0.0025769084464577485,0.14382744817438597
2.946057115994829,2.947441817238184,0.001384701243355213,0.04700184649636791
2.9879657228017886,2.9886106524029428,0.0006449296011541428,0.02158423693526839
2.7471229305898337,2.747479037506098,0.00035610691626430935,0.012962904291576415
2.394818652849741,2.394962310469124,0.00014365761938295307,0.005998684669171342
3.4507607029130787,3.454998326001215,0.004237623088136466,0.1228025775464271
1.313868613138686,1.3130850681176036,0.0007835450210824657,0.05963648216016545
2.9831537708129283,2.986347370707869,0.003193599894940835,0.10705448462586489
1.4072222222222222,1.408289741054894,0.0010675188326718654,0.07586000390088267
2.353609083536091,2.355358253440619,0.001749169904528003,0.07431862482022837
2.273011487567253,2.275211014474261,0.002199526907007865,0.09676708274633328
2.2884615384615383,2.284789743568976,0.003671794892562197,0.16044818017918844
2.289021657953697,2.283606985165561,0.005414672788135899,0.23654965296293537
1.732981530343008,1.7322189709371245,0.000762559405883545,0.04400274281818872
2.400684931506849,2.4006720035140483,1.2927992800726429e-05,0.0005385126815709155
3.034341110745974,3.032698268874551,0.0016428418714231618,0.05414163442617298
3.1383906058641307,3.139364492315003,0.0009738864508723744,0.03103139708144208
2.601149053244862,2.6055714627889524,0.004422409544090566,0.17001753661804703
2.6775977121067682,2.67916119593214,0.0015634838253717476,0.058391289262851157
0.0,0.0,0.0,
1.9309979331178124,1.9218488070109447,0.009149126106867689,0.4738029984369481
1.3842315369261478,1.390486884533297,0.0062553476071491865,0.4519003822900854
1.8127696289905093,1.8133348464518264,0.0005652174613171024,0.031179773330153336
1.6128787878787878,1.616291159013721,0.003412371134933201,0.2115702159751914
1.687022900763359,1.6860058595714036,0.0010170411919554478,0.060286152102336496
2.0908645712759326,2.086892124465285,0.0039724468106476785,0.18999063187643597
2.2648306997742664,2.2642845211740568,0.000546178600209668,0.02411564803780279
2.2159920371599204,2.219600232967592,0.003608195807671688,0.16282530564938566
2.227272727272727,2.2304607629400506,0.0031880356673235077,0.1431362952675861
2.912531017369727,2.9154982990809803,0.002967281711253378,0.1018798321307869
1.586612725266642,1.58435808298859,0.0022546422780520547,0.14210413430745333
2.422081575246132,2.4249835953546865,0.0029020201085545594,0.11981512671635165
3.068384539147671,3.069559213163513,0.0011746740158420366,0.0382831421829656
1.7456366479313696,1.745418610060797,0.00021803787057272928,0.012490449878622252
2.2728842832469778,2.263803177962629,0.009081105284348912,0.39954103036763067
0.0,0.0,0.0,
3.2658393368202905,3.266726914802403,0.0008875779821124752,0.027177637678179392
3.3749145591250853,3.373724341390653,0.0011902177344325082,0.03526660345265336
2.3861019288750045,2.385512558856917,0.0005893700180874539,0.024700119091950492
2.9161990471148753,2.9157561129019474,0.000442934212927959,0.015188751034198896
3.9773299748110835,3.980694647664543,0.0033646728534595383,0.0845962712364431
2.823737108897046,2.8285435655986753,0.004806456701629269,0.17021615385104583
3.593603358854038,3.598979856714652,0.005376497860614116,0.14961300187365764
2.086013762201952,2.084197349652971,0.0018164125489810168,0.08707577015520981
2.100535540408958,2.1030220668226476,0.002486526413689738,0.11837583158462678
2.721917529961406,2.7220796786559145,0.0001621486945087014,0.005957149425868186
1.122959940652819,1.1232560338276394,0.00029609317482037767,0.02636720724412017
2.3004918032786885,2.300668354818439,0.00017655153975049132,0.007674512880196658
1.1491760624457936,1.1445654780989327,0.004610584346860902,0.40120783033438645
2.4574936233427698,2.4571085229301164,0.000385100412653383,0.015670454197539516
1.8805708013172338,1.880553596827136,1.720449009767755e-05,0.0009148546859084897
1.9349361129791527,1.9368340343903094,0.0018979214111567444,0.09808703235346525
0.8636146115807944,0.8664699521057503,0.0028553405249558406,0.3306267039332871
2.9106782106782108,2.9108348821611334,0.00015667148292264343,0.005382645266243215
1.2737061479680445,1.2767621036840742,0.003055955716029679,0.23992627505997943
1.0884609643230332,1.0861881665917046,0.002272797731328602,0.20880838227783075
3.634633407829284,3.636404576383751,0.0017711685544670175,0.04873032176097271
1.965201465201465,1.966253094496742,0.0010516292952769124,0.05351254382303767
2.8313124867049564,2.8325017835692927,0.001189296864336331,0.04200514319492932
0.0,0.0,0.0,
2.0127345237016225,2.0116400958933363,0.0010944278082862802,0.05437516947210289
2.558333333333333,2.5598877728879135,0.0015544395545803447,0.060759852296300126
2.7815620998719592,2.7818375956727017,0.0002754958007424868,0.00990435556895057
3.4652529506831877,3.4652394359541137,1.3514729074071141e-05,0.00039000699996248936
1.3134328358208955,1.3141105710410619,0.0006777352201663422,0.0516002951717556
2.137530410605233,2.136930906399182,0.000599504206050927,0.028046581376177004
3.645137183730116,3.6442697667573203,0.0008674169727957981,0.023796552202958766
1.4340287769784175,1.432545651202662,0.0014831257757554894,0.10342371084634175
2.5,1.872534285799017,0.627465714200983,25.098628568039317
0.912280701754386,0.9152040677192731,0.0029233659648870702,0.32044588461262113
0.2558139534883721,0.2273780929050209,0.028435860583351208,11.115836409855472
1.3957793409848205,1.4194833767164001,0.023704035731579642,1.6982652655436767
2.7954954954954956,2.7915309488400437,0.003964546655451873,0.14181910369163966
2.2332779393435813,2.233960365424272,0.0006824260806905791,0.03055714959021903
1.1324657534246576,1.1332140022426087,0.0007482488179511027,0.06607253382173763
1.7441038263593647,1.7451256861432802,0.0010218597839155574,0.05858938948884617
1.8736273627362736,1.8770547364015426,0.003427373665269018,0.18292717823375665
2.335074027315506,2.342843392820044,0.007769365504537884,0.3327245908974396
3.7310764850114686,3.732044365776864,0.0009678807653954458,0.025941059350662727
2.8836714975845408,2.8855403784095888,0.0018688808250479916,0.06480907504940936
0.0,0.0,0.0,
2.551167964404894,2.5515582357676587,0.00039027136276459373,0.015297752567053404
2.2598861363286664,2.260819943185736,0.0009338068570694524,0.04132096932044917
0.0,0.0,0.0,
1.840721795964763,1.8396504437459678,0.001071352218795285,0.05820283223374153
3.20976647019324,3.2038207994157415,0.005945670777498524,0.18523686482214927
2.2369731991630966,2.2345208832224013,0.002452315940695282,0.10962652308989441
1.2484157160963245,1.2516819467865354,0.003266230690210925,0.2616300522412609
3.757135549872123,3.7555692996400065,0.0015662502321163174,0.0416873496131814
2.2631073554830037,2.2630280364444455,7.931903855817879e-05,0.003504872995353335
2.646925795053004,2.645235582040462,0.001690213012541797,0.06385570066606082
1.8197208095839448,1.8173391181295464,0.0023816914543983714,0.13088224533426715
1.1840707964601769,1.1836468485576284,0.000423947902548516,0.03580426979669829
